{
  "timestamp": "20251204_124657",
  "model": "models/ppo_dataset_trained",
  "dataset": "maze_dataset.pkl",
  "llm_mode": "real",
  "uncertainty_threshold": 0.8,
  "summary": {
    "baseline_success_rate": 0.8,
    "llm_success_rate": 0.8733333333333333,
    "improvement": 0.07333333333333333,
    "baseline_avg_steps": 29.373333333333335,
    "llm_avg_steps": 29.766666666666666
  },
  "categories": {
    "both_solved": [
      1,
      2,
      3,
      4,
      5,
      6,
      7,
      8,
      9,
      11,
      12,
      13,
      14,
      15,
      16,
      17,
      19,
      20,
      21,
      22,
      23,
      24,
      25,
      26,
      28,
      30,
      31,
      32,
      35,
      36,
      37,
      38,
      39,
      42,
      43,
      44,
      45,
      46,
      47,
      48,
      49,
      51,
      52,
      55,
      56,
      57,
      58,
      60,
      62,
      65,
      66,
      67,
      68,
      69,
      70,
      71,
      74,
      75,
      76,
      77,
      78,
      79,
      82,
      83,
      84,
      85,
      86,
      88,
      89,
      91,
      92,
      94,
      96,
      97,
      98,
      99,
      101,
      103,
      104,
      105,
      106,
      107,
      109,
      110,
      112,
      113,
      114,
      115,
      116,
      118,
      119,
      122,
      123,
      124,
      125,
      126,
      127,
      128,
      129,
      130,
      132,
      133,
      134,
      135,
      137,
      138,
      139,
      140,
      141,
      142,
      143,
      144,
      145,
      146,
      147,
      148,
      149
    ],
    "only_baseline": [
      87,
      93,
      117
    ],
    "only_llm": [
      0,
      18,
      29,
      34,
      40,
      54,
      59,
      63,
      73,
      80,
      100,
      108,
      121,
      131
    ],
    "neither": [
      10,
      27,
      33,
      41,
      50,
      53,
      61,
      64,
      72,
      81,
      90,
      95,
      102,
      111,
      120,
      136
    ]
  },
  "optimality": {
    "baseline": {
      "avg_optimal_length": 18.016666666666666,
      "avg_agent_length": 21.716666666666665,
      "avg_optimality_gap": 3.7,
      "avg_optimality_ratio": 1.2052314814814813,
      "num_analyzed": 120
    },
    "llm": {
      "avg_optimal_length": 18.045801526717558,
      "avg_agent_length": 25.38167938931298,
      "avg_optimality_gap": 7.33587786259542,
      "avg_optimality_ratio": 1.4049656874084357,
      "num_analyzed": 131
    }
  },
  "statistical_tests": {
    "chi_square": {
      "statistic": 2.4392227010326044,
      "p_value": 0.11833485070427738,
      "significant": 