{
  "timestamp": "20251204_134429",
  "model": "models/ppo_dataset_trained",
  "dataset": "maze_dataset.pkl",
  "llm_mode": "real",
  "uncertainty_threshold": 1.0,
  "summary": {
    "baseline_success_rate": 0.8,
    "llm_success_rate": 0.8266666666666667,
    "improvement": 0.02666666666666667,
    "baseline_avg_steps": 29.373333333333335,
    "llm_avg_steps": 29.14
  },
  "categories": {
    "both_solved": [
      1,
      2,
      3,
      4,
      5,
      6,
      7,
      8,
      9,
      11,
      12,
      13,
      14,
      16,
      17,
      19,
      20,
      21,
      22,
      23,
      24,
      25,
      26,
      28,
      30,
      31,
      32,
      36,
      37,
      38,
      39,
      42,
      43,
      44,
      45,
      46,
      47,
      48,
      49,
      51,
      52,
      55,
      56,
      58,
      60,
      62,
      65,
      66,
      67,
      68,
      69,
      70,
      71,
      74,
      75,
      76,
      77,
      78,
      79,
      82,
      83,
      84,
      85,
      86,
      87,
      88,
      89,
      91,
      92,
      94,
      96,
      97,
      98,
      99,
      101,
      103,
      104,
      105,
      106,
      107,
      109,
      110,
      112,
      113,
      114,
      115,
      116,
      117,
      118,
      119,
      122,
      123,
      124,
      125,
      126,
      127,
      128,
      129,
      130,
      132,
      133,
      134,
      135,
      137,
      138,
      139,
      140,
      141,
      142,
      143,
      144,
      145,
      146,
      147,
      148,
      149
    ],
    "only_baseline": [
      15,
      35,
      57,
      93
    ],
    "only_llm": [
      18,
      29,
      40,
      54,
      95,
      100,
      108,
      121
    ],
    "neither": [
      0,
      10,
      27,
      33,
      34,
      41,
      50,
      53,
      59,
      61,
      63,
      64,
      72,
      73,
      80,
      81,
      90,
      102,
      111,
      120,
      131,
      136
    ]
  },
  "optimality": {
    "baseline": {
      "avg_optimal_length": 18.016666666666666,
      "avg_agent_length": 21.716666666666665,
      "avg_optimality_gap": 3.7,
      "avg_optimality_ratio": 1.2052314814814813,
      "num_analyzed": 120
    },
    "llm": {
      "avg_optimal_length": 18.016129032258064,
      "avg_agent_length": 22.669354838709676,
      "avg_optimality_gap": 4.653225806451613,
      "avg_optimality_ratio": 1.2583333333333333,
      "num_analyzed": 124
    }
  },
  "statistical_tests": {
    "chi_square": {
      "statistic": 0.19759953161592508,
      "p_value": 0.6566654517813376,
      "significant": 